"Date ","series ","OPEN ","HIGH ","LOW ","PREV. CLOSE ","ltp ","close ","vwap ","52W H ","52W L ","VOLUME ","VALUE ","No of trades "
"31-Dec-2024","EQ","4,135.00","4,139.95","4,032.05","4,158.80","4,106.00","4,094.80","4,079.71","4,592.25","3,591.50","15,55,429","6,34,57,00,031.05","1,62,877"
"30-Dec-2024","EQ","4,151.00","4,199.30","4,112.00","4,164.85","4,150.00","4,158.80","4,152.08","4,592.25","3,591.50","15,27,169","6,34,09,28,576.30","1,16,250"
"27-Dec-2024","EQ","4,163.00","4,180.95","4,147.25","4,169.10","4,157.10","4,164.85","4,163.19","4,592.25","3,591.50","8,58,100","3,57,24,37,410.85","88,194"
"26-Dec-2024","EQ","4,179.50","4,199.95","4,143.15","4,179.50","4,170.00","4,169.10","4,163.43","4,592.25","3,591.50","12,08,464","5,03,13,52,687.20","1,06,756"
"24-Dec-2024","EQ","4,158.30","4,218.00","4,158.30","4,158.30","4,182.00","4,179.50","4,186.17","4,592.25","3,591.50","11,81,886","4,94,75,71,708.95","77,609"
"23-Dec-2024","EQ","4,200.05","4,217.00","4,114.90","4,170.30","4,157.05","4,158.30","4,150.99","4,592.25","3,591.50","21,95,338","9,11,28,20,726.95","1,49,845"
"20-Dec-2024","EQ","4,329.00","4,382.00","4,152.50","4,271.90","4,177.05","4,170.30","4,239.81","4,592.25","3,591.50","41,16,989","17,45,52,42,238.80","2,14,598"
"19-Dec-2024","EQ","4,282.00","4,364.00","4,262.00","4,347.85","4,281.00","4,271.90","4,302.28","4,592.25","3,591.50","30,15,763","12,97,46,63,426.65","2,17,876"
"18-Dec-2024","EQ","4,311.70","4,362.00","4,289.60","4,328.50","4,355.65","4,347.85","4,333.96","4,592.25","3,591.50","15,75,404","6,82,77,36,370.00","1,06,590"
"17-Dec-2024","EQ","4,410.00","4,432.95","4,318.00","4,415.20","4,322.70","4,328.50","4,346.26","4,592.25","3,591.50","32,25,027","14,01,68,05,137.00","1,72,049"
"16-Dec-2024","EQ","4,459.00","4,475.00","4,397.00","4,473.90","4,416.00","4,415.20","4,425.19","4,592.25","3,591.50","16,46,224","7,28,48,53,956.40","1,32,903"
"13-Dec-2024","EQ","4,434.95","4,494.90","4,394.40","4,454.95","4,474.90","4,473.90","4,457.63","4,592.25","3,563.00","19,67,048","8,76,83,79,842.00","1,53,642"
"12-Dec-2024","EQ","4,430.05","4,485.00","4,426.00","4,427.45","4,460.00","4,454.95","4,461.52","4,592.25","3,563.00","19,14,642","8,54,22,15,590.15","1,49,188"
"11-Dec-2024","EQ","4,431.85","4,448.65","4,407.00","4,432.55","4,423.00","4,427.45","4,425.28","4,592.25","3,563.00","16,35,256","7,23,64,72,507.40","1,08,588"
"10-Dec-2024","EQ","4,426.15","4,493.80","4,412.10","4,452.15","4,437.80","4,432.55","4,440.97","4,592.25","3,563.00","20,87,828","9,27,19,71,917.90","1,42,478"
"09-Dec-2024","EQ","4,430.45","4,469.40","4,415.55","4,445.50","4,445.60","4,452.15","4,446.54","4,592.25","3,563.00","20,66,639","9,18,93,99,351.95","1,27,439"
"06-Dec-2024","EQ","4,453.00","4,465.00","4,412.75","4,464.05","4,444.15","4,445.50","4,439.27","4,592.25","3,498.00","18,42,087","8,17,75,21,134.60","1,38,417"
"05-Dec-2024","EQ","4,400.80","4,489.00","4,360.00","4,354.40","4,455.15","4,464.05","4,430.75","4,592.25","3,498.00","37,46,747","16,60,09,10,836.35","2,60,982"
"04-Dec-2024","EQ","4,313.55","4,386.95","4,289.05","4,302.75","4,342.00","4,354.40","4,360.32","4,592.25","3,498.00","33,02,642","14,40,05,89,848.00","2,17,385"
"03-Dec-2024","EQ","4,314.35","4,325.00","4,265.45","4,276.65","4,303.00","4,302.75","4,298.86","4,592.25","3,498.00","20,10,905","8,64,45,99,154.70","1,44,243"
"02-Dec-2024","EQ","4,270.00","4,288.20","4,230.05","4,270.85","4,268.85","4,276.65","4,267.97","4,592.25","3,498.00","16,70,944","7,13,15,39,607.80","1,58,372"
"29-Nov-2024","EQ","4,220.00","4,298.70","4,195.65","4,244.90","4,266.00","4,270.85","4,262.53","4,592.25","3,433.00","20,17,425","8,59,93,33,668.25","1,33,480"
"28-Nov-2024","EQ","4,319.00","4,339.95","4,233.00","4,332.55","4,250.80","4,244.90","4,265.99","4,592.25","3,433.00","25,58,544","10,91,47,33,802.80","1,65,049"
"27-Nov-2024","EQ","4,358.95","4,377.40","4,324.05","4,352.70","4,332.95","4,332.55","4,348.89","4,592.25","3,433.00","15,58,993","6,77,98,87,252.40","1,18,269"
"26-Nov-2024","EQ","4,321.05","4,366.60","4,310.00","4,315.10","4,351.00","4,352.70","4,337.42","4,592.25","3,433.00","20,60,669","8,93,79,80,540.10","1,56,578"
"25-Nov-2024","EQ","4,280.00","4,328.10","4,252.20","4,244.60","4,320.00","4,315.10","4,303.42","4,592.25","3,433.00","40,52,167","17,43,81,78,815.15","1,54,060"
"22-Nov-2024","EQ","4,071.00","4,254.95","4,054.00","4,072.85","4,221.95","4,244.60","4,186.15","4,592.25","3,433.00","30,96,553","12,96,26,40,957.15","1,63,715"
"21-Nov-2024","EQ","4,044.90","4,092.45","4,024.00","4,039.55","4,068.00","4,072.85","4,058.28","4,592.25","3,433.00","23,84,347","9,67,63,46,995.65","1,58,009"
"19-Nov-2024","EQ","4,019.90","4,132.15","4,014.10","4,019.50","4,042.00","4,039.55","4,080.53","4,592.25","3,433.00","17,76,233","7,24,79,68,687.60","1,33,137"
"18-Nov-2024","EQ","4,213.00","4,213.00","3,990.20","4,145.90","4,017.15","4,019.50","4,071.97","4,592.25","3,433.00","33,13,944","13,49,42,96,959.70","1,78,320"
"14-Nov-2024","EQ","4,135.00","4,160.00","4,116.45","4,150.35","4,148.00","4,145.90","4,142.32","4,592.25","3,327.00","18,25,432","7,56,15,31,479.90","1,65,379"
"13-Nov-2024","EQ","4,178.10","4,196.75","4,131.05","4,197.40","4,151.65","4,150.35","4,155.05","4,592.25","3,327.00","10,98,813","4,56,56,28,216.20","1,14,945"
"12-Nov-2024","EQ","4,216.00","4,218.00","4,164.35","4,198.70","4,180.00","4,197.40","4,195.93","4,592.25","3,327.00","15,87,640","6,66,16,21,166.75","1,02,025"
"11-Nov-2024","EQ","4,128.20","4,234.30","4,117.65","4,147.00","4,186.50","4,198.70","4,195.46","4,592.25","3,327.00","14,06,487","5,90,08,64,157.10","1,49,144"
"08-Nov-2024","EQ","4,155.00","4,169.75","4,117.65","4,150.90","4,135.65","4,147.00","4,141.50","4,592.25","3,322.35","16,48,039","6,82,53,48,802.40","1,39,776"
"07-Nov-2024","EQ","4,169.70","4,205.80","4,085.05","4,139.65","4,146.00","4,150.90","4,144.54","4,592.25","3,322.35","37,24,349","15,43,57,05,018.25","1,89,460"
"06-Nov-2024","EQ","4,003.60","4,149.80","3,975.25","3,971.35","4,143.00","4,139.65","4,102.32","4,592.25","3,322.35","37,92,017","15,55,60,64,937.35","2,33,333"
"05-Nov-2024","EQ","3,941.10","3,986.00","3,941.10","3,964.15","3,971.55","3,971.35","3,969.47","4,592.25","3,322.35","9,67,590","3,84,08,20,731.70","92,042"
"04-Nov-2024","EQ","3,966.30","3,991.90","3,913.25","3,984.20","3,967.00","3,964.15","3,950.51","4,592.25","3,322.35","22,69,192","8,96,44,63,071.95","1,99,030"
"01-Nov-2024","EQ","3,989.85","3,998.95","3,976.05","3,968.45","3,983.05","3,984.20","3,987.41","4,592.25","3,311.00","1,54,895","61,76,30,511.60","18,588"
"31-Oct-2024","EQ","4,070.00","4,078.30","3,960.00","4,084.65","3,975.00","3,968.45","3,980.19","4,592.25","3,311.00","37,40,372","14,88,73,81,076.25","2,48,757"
"30-Oct-2024","EQ","4,075.00","4,107.00","4,060.05","4,075.25","4,071.20","4,084.65","4,093.47","4,592.25","3,311.00","19,35,002","7,92,08,76,293.30","1,09,837"
"29-Oct-2024","EQ","4,095.85","4,103.50","4,060.10","4,090.85","4,080.00","4,075.25","4,075.78","4,592.25","3,311.00","14,45,885","5,89,31,06,996.85","1,01,205"
"28-Oct-2024","EQ","4,068.95","4,134.00","4,051.00","4,057.55","4,090.05","4,090.85","4,092.04","4,592.25","3,311.00","15,32,534","6,27,11,97,563.70","95,406"
"25-Oct-2024","EQ","4,057.05","4,092.00","4,032.70","4,047.90","4,060.00","4,057.55","4,063.37","4,592.25","3,311.00","17,59,676","7,15,02,08,882.35","1,32,353"
"24-Oct-2024","EQ","4,004.00","4,079.00","4,004.00","4,066.25","4,050.00","4,047.90","4,048.73","4,592.25","3,311.00","26,76,744","10,83,74,00,632.35","1,11,747"
"23-Oct-2024","EQ","3,999.60","4,113.55","3,995.15","4,015.50","4,065.15","4,066.25","4,069.32","4,592.25","3,311.00","19,66,476","8,00,22,29,160.45","1,29,950"
"22-Oct-2024","EQ","4,066.00","4,089.80","4,006.35","4,079.85","4,020.00","4,015.50","4,054.80","4,592.25","3,311.00","19,28,049","7,81,78,58,767.15","1,78,215"
"21-Oct-2024","EQ","4,132.60","4,139.95","4,070.00","4,123.05","4,071.00","4,079.85","4,096.64","4,592.25","3,311.00","15,95,450","6,53,59,79,616.10","1,18,454"
"18-Oct-2024","EQ","4,090.00","4,146.15","4,080.00","4,109.00","4,130.50","4,123.05","4,121.27","4,592.25","3,311.00","23,61,000","9,73,03,15,576.70","1,60,733"
"17-Oct-2024","EQ","4,112.80","4,129.95","4,092.95","4,094.95","4,111.25","4,109.00","4,108.84","4,592.25","3,311.00","25,22,659","10,36,51,90,148.65","2,15,233"
"16-Oct-2024","EQ","4,085.00","4,115.00","4,067.20","4,116.80","4,094.00","4,094.95","4,089.04","4,592.25","3,311.00","23,59,151","9,64,66,55,679.40","1,92,691"
"15-Oct-2024","EQ","4,131.05","4,169.95","4,095.00","4,136.65","4,119.00","4,116.80","4,119.31","4,592.25","3,311.00","27,59,474","11,36,71,23,225.35","1,54,340"
"14-Oct-2024","EQ","4,140.00","4,165.40","4,122.20","4,149.20","4,139.00","4,136.65","4,144.11","4,592.25","3,311.00","21,37,590","8,85,83,98,067.15","1,40,166"
"11-Oct-2024","EQ","4,143.00","4,241.95","4,112.45","4,227.40","4,146.00","4,149.20","4,164.41","4,592.25","3,311.00","57,59,183","23,98,35,86,815.70","3,77,816"
"10-Oct-2024","EQ","4,253.25","4,293.85","4,198.60","4,252.95","4,227.90","4,227.40","4,242.82","4,592.25","3,311.00","23,78,875","10,09,31,43,863.45","1,76,710"
"09-Oct-2024","EQ","4,260.00","4,295.00","4,246.70","4,253.25","4,258.95","4,252.95","4,267.11","4,592.25","3,311.00","10,82,504","4,61,91,61,345.70","1,02,574"
"08-Oct-2024","EQ","4,272.60","4,279.40","4,203.95","4,272.85","4,259.40","4,253.25","4,239.02","4,592.25","3,311.00","15,41,867","6,53,60,12,531.70","1,63,898"
"07-Oct-2024","EQ","4,273.90","4,297.25","4,229.40","4,252.25","4,274.00","4,272.85","4,263.80","4,592.25","3,311.00","14,72,619","6,27,89,60,109.95","1,17,843"
"04-Oct-2024","EQ","4,225.00","4,298.00","4,224.05","4,232.75","4,251.90","4,252.25","4,256.15","4,592.25","3,311.00","29,65,463","12,62,14,65,329.55","1,94,588"
"03-Oct-2024","EQ","4,262.60","4,279.00","4,210.00","4,287.90","4,232.50","4,232.75","4,233.39","4,592.25","3,311.00","33,50,119","14,18,23,64,569.60","1,68,212"
"01-Oct-2024","EQ","4,255.55","4,295.75","4,242.95","4,268.50","4,283.25","4,287.90","4,271.73","4,592.25","3,311.00","18,23,365","7,78,89,15,830.70","1,21,772"
"30-Sep-2024","EQ","4,286.90","4,298.75","4,260.05","4,308.70","4,271.00","4,268.50","4,272.29","4,592.25","3,311.00","25,03,416","10,69,53,20,177.30","2,12,084"
"27-Sep-2024","EQ","4,335.00","4,378.00","4,300.05","4,292.50","4,305.00","4,308.70","4,327.38","4,592.25","3,311.00","30,12,477","13,03,61,44,375.45","2,31,071"
"26-Sep-2024","EQ","4,260.00","4,316.80","4,260.00","4,274.75","4,295.00","4,292.50","4,288.28","4,592.25","3,311.00","39,64,251","16,99,98,20,745.85","1,85,888"
"25-Sep-2024","EQ","4,252.35","4,289.60","4,240.00","4,271.30","4,275.35","4,274.75","4,263.61","4,592.25","3,311.00","27,13,073","11,56,74,83,701.95","1,53,942"
"24-Sep-2024","EQ","4,251.65","4,291.00","4,240.00","4,268.50","4,282.00","4,271.30","4,265.03","4,592.25","3,311.00","30,12,026","12,84,63,72,402.70","1,40,428"
"23-Sep-2024","EQ","4,300.00","4,309.40","4,253.00","4,284.90","4,266.05","4,268.50","4,270.40","4,592.25","3,311.00","17,02,319","7,26,95,88,108.95","1,69,788"
"20-Sep-2024","EQ","4,316.90","4,330.70","4,227.50","4,296.15","4,295.00","4,284.90","4,278.76","4,592.25","3,311.00","54,47,908","23,31,03,16,503.10","2,91,115"
"19-Sep-2024","EQ","4,390.05","4,422.20","4,281.80","4,346.15","4,307.00","4,296.15","4,321.08","4,592.25","3,311.00","29,27,551","12,65,01,87,150.25","2,32,656"
"18-Sep-2024","EQ","4,497.05","4,497.05","4,321.00","4,505.65","4,347.90","4,346.15","4,370.07","4,592.25","3,311.00","29,61,779","12,94,31,88,817.60","2,44,673"
"17-Sep-2024","EQ","4,513.25","4,535.80","4,466.00","4,513.25","4,511.00","4,505.65","4,505.75","4,592.25","3,311.00","16,99,364","7,65,69,02,882.20","88,562"
"16-Sep-2024","EQ","4,527.00","4,546.05","4,494.45","4,522.60","4,509.00","4,513.25","4,516.51","4,592.25","3,311.00","11,55,120","5,21,71,13,716.25","61,456"
"13-Sep-2024","EQ","4,530.00","4,547.00","4,505.00","4,517.70","4,521.75","4,522.60","4,526.87","4,592.25","3,311.00","14,58,786","6,60,37,40,972.90","78,892"
"12-Sep-2024","EQ","4,510.25","4,532.60","4,431.30","4,479.35","4,495.30","4,517.70","4,485.01","4,592.25","3,311.00","27,42,216","12,29,88,52,603.60","1,79,765"
"11-Sep-2024","EQ","4,521.45","4,549.35","4,471.25","4,507.85","4,495.50","4,479.35","4,504.96","4,592.25","3,311.00","13,25,919","5,97,32,12,660.05","1,27,870"
"10-Sep-2024","EQ","4,442.45","4,539.95","4,440.45","4,449.55","4,510.00","4,507.85","4,499.44","4,592.25","3,311.00","13,85,591","6,23,43,77,452.20","1,25,535"
"09-Sep-2024","EQ","4,455.00","4,490.25","4,430.50","4,456.75","4,458.00","4,449.55","4,459.58","4,592.25","3,311.00","11,84,938","5,28,43,28,321.15","92,569"
"06-Sep-2024","EQ","4,473.95","4,518.95","4,440.00","4,475.95","4,460.50","4,456.75","4,466.80","4,592.25","3,311.00","16,49,179","7,36,65,46,120.25","1,48,566"
"05-Sep-2024","EQ","4,481.00","4,499.00","4,454.15","4,479.25","4,490.00","4,475.95","4,469.15","4,592.25","3,311.00","16,88,793","7,54,74,77,632.90","1,05,236"
"04-Sep-2024","EQ","4,476.95","4,487.00","4,436.70","4,512.35","4,484.00","4,479.25","4,468.96","4,592.25","3,311.00","12,65,505","5,65,54,96,454.35","1,23,447"
"03-Sep-2024","EQ","4,521.05","4,555.90","4,495.90","4,521.05","4,512.65","4,512.35","4,523.60","4,592.25","3,311.00","17,17,263","7,76,82,15,760.70","1,17,744"
"02-Sep-2024","EQ","4,576.00","4,588.00","4,512.00","4,553.75","4,526.40","4,521.05","4,545.25","4,592.25","3,311.00","12,16,500","5,52,92,99,899.10","1,09,365"
"30-Aug-2024","EQ","4,500.00","4,592.25","4,487.80","4,511.80","4,562.70","4,553.75","4,545.75","4,592.25","3,311.00","36,37,222","16,53,39,15,087.45","1,55,239"
"29-Aug-2024","EQ","4,460.00","4,556.00","4,460.00","4,506.05","4,507.00","4,511.80","4,515.71","4,565.00","3,311.00","21,33,641","9,63,48,99,513.20","1,38,513"
"28-Aug-2024","EQ","4,498.75","4,562.50","4,457.30","4,497.15","4,513.00","4,506.05","4,515.24","4,565.00","3,311.00","18,48,058","8,34,44,30,539.80","1,27,744"
"27-Aug-2024","EQ","4,505.00","4,510.00","4,486.80","4,502.45","4,491.00","4,497.15","4,496.77","4,565.00","3,311.00","9,30,697","4,18,51,34,647.00","65,265"
"26-Aug-2024","EQ","4,489.00","4,552.15","4,485.00","4,463.90","4,506.60","4,502.45","4,517.26","4,565.00","3,311.00","18,44,164","8,33,05,71,610.15","1,18,509"
"23-Aug-2024","EQ","4,500.00","4,506.00","4,455.00","4,502.00","4,473.05","4,463.90","4,469.04","4,565.00","3,311.00","18,09,253","8,08,56,19,687.40","1,01,893"
"22-Aug-2024","EQ","4,560.00","4,560.95","4,497.20","4,551.50","4,502.00","4,502.00","4,515.52","4,565.00","3,311.00","18,29,872","8,26,28,19,007.85","1,14,303"
"21-Aug-2024","EQ","4,518.00","4,560.00","4,492.55","4,523.30","4,550.00","4,551.50","4,529.61","4,565.00","3,311.00","18,96,990","8,59,26,17,038.50","1,15,023"
"20-Aug-2024","EQ","4,505.00","4,565.00","4,500.00","4,490.00","4,505.00","4,523.30","4,529.50","4,565.00","3,311.00","22,12,298","10,02,06,13,301.75","1,28,019"
"19-Aug-2024","EQ","4,421.00","4,494.25","4,390.35","4,416.05","4,490.00","4,490.00","4,459.62","4,494.25","3,311.00","20,55,210","9,16,54,57,457.55","1,18,736"
"16-Aug-2024","EQ","4,350.00","4,427.00","4,325.10","4,295.25","4,414.20","4,416.05","4,395.48","4,431.00","3,311.00","34,57,058","15,19,54,30,172.75","2,33,969"
"14-Aug-2024","EQ","4,209.00","4,306.20","4,188.15","4,196.95","4,293.00","4,295.25","4,265.75","4,431.00","3,311.00","32,26,545","13,76,36,19,690.80","1,82,461"
"13-Aug-2024","EQ","4,213.00","4,234.00","4,183.00","4,195.65","4,197.00","4,196.95","4,209.09","4,431.00","3,311.00","14,95,593","6,29,50,91,175.55","99,105"
"12-Aug-2024","EQ","4,230.00","4,239.00","4,186.35","4,228.75","4,193.10","4,195.65","4,210.62","4,431.00","3,311.00","9,36,912","3,94,49,78,151.60","86,028"
"09-Aug-2024","EQ","4,217.00","4,253.65","4,205.55","4,172.55","4,220.00","4,228.75","4,233.82","4,431.00","3,311.00","13,02,536","5,51,47,05,150.35","79,876"
"08-Aug-2024","EQ","4,181.00","4,232.00","4,160.00","4,200.45","4,174.00","4,172.55","4,190.47","4,431.00","3,311.00","24,41,283","10,23,01,19,942.80","1,20,490"
"07-Aug-2024","EQ","4,228.00","4,244.95","4,180.30","4,171.20","4,201.00","4,200.45","4,201.58","4,431.00","3,311.00","12,37,666","5,20,01,50,778.85","1,02,627"
"06-Aug-2024","EQ","4,170.95","4,258.25","4,160.80","4,155.05","4,175.10","4,171.20","4,193.98","4,431.00","3,311.00","22,03,067","9,23,96,08,320.05","1,34,281"
"05-Aug-2024","EQ","4,239.00","4,239.00","4,110.50","4,283.05","4,160.00","4,155.05","4,165.25","4,431.00","3,311.00","27,87,771","11,61,17,60,562.20","1,69,844"
"02-Aug-2024","EQ","4,365.00","4,398.00","4,270.00","4,397.10","4,283.85","4,283.05","4,309.34","4,431.00","3,311.00","28,11,282","12,11,47,77,969.55","2,13,069"
"01-Aug-2024","EQ","4,399.40","4,419.30","4,365.05","4,385.35","4,387.00","4,397.10","4,390.04","4,431.00","3,311.00","22,02,244","9,66,79,30,574.85","1,25,252"
"31-Jul-2024","EQ","4,350.00","4,414.00","4,345.00","4,365.35","4,392.00","4,385.35","4,387.35","4,431.00","3,311.00","23,30,091","10,22,29,33,214.05","1,66,542"
"30-Jul-2024","EQ","4,391.10","4,398.00","4,327.30","4,381.10","4,353.15","4,365.35","4,358.33","4,431.00","3,311.00","17,97,906","7,83,58,71,346.10","1,45,705"
"29-Jul-2024","EQ","4,415.00","4,431.00","4,371.00","4,387.85","4,380.00","4,381.10","4,390.57","4,431.00","3,311.00","17,46,803","7,66,94,54,915.15","1,19,852"
"26-Jul-2024","EQ","4,350.00","4,422.45","4,337.05","4,322.50","4,393.65","4,387.85","4,390.46","4,422.45","3,311.00","35,52,210","15,59,58,41,522.45","1,67,036"
"25-Jul-2024","EQ","4,295.00","4,343.00","4,274.20","4,306.25","4,332.25","4,322.50","4,314.53","4,361.70","3,311.00","28,10,342","12,12,53,10,419.40","1,96,421"
"24-Jul-2024","EQ","4,287.50","4,339.10","4,268.10","4,302.35","4,305.00","4,306.25","4,309.50","4,361.70","3,311.00","18,09,793","7,79,93,03,896.95","1,18,444"
"23-Jul-2024","EQ","4,283.00","4,361.70","4,266.30","4,287.35","4,311.00","4,302.35","4,302.19","4,361.70","3,311.00","23,65,208","10,17,55,78,824.25","1,80,645"
"22-Jul-2024","EQ","4,299.95","4,319.95","4,265.00","4,302.40","4,282.10","4,287.35","4,292.14","4,358.75","3,311.00","18,96,386","8,13,95,60,522.25","1,32,112"
"19-Jul-2024","EQ","4,317.40","4,358.75","4,285.25","4,315.55","4,298.00","4,302.40","4,319.15","4,358.75","3,311.00","39,03,354","16,85,91,78,396.20","2,90,294"
"18-Jul-2024","EQ","4,160.00","4,325.00","4,160.00","4,178.45","4,297.20","4,315.55","4,271.66","4,325.00","3,311.00","56,13,364","23,97,83,61,639.45","3,61,931"
"16-Jul-2024","EQ","4,172.00","4,194.55","4,144.90","4,169.20","4,171.05","4,178.45","4,173.42","4,254.75","3,311.00","20,29,521","8,47,00,51,366.65","1,23,240"
"15-Jul-2024","EQ","4,235.70","4,240.00","4,157.05","4,183.95","4,167.35","4,169.20","4,204.15","4,254.75","3,311.00","48,48,030","20,38,18,43,135.15","2,38,210"
"12-Jul-2024","EQ","3,980.00","4,199.95","3,971.30","3,923.70","4,182.45","4,183.95","4,117.02","4,254.75","3,250.10","1,35,09,164","55,61,74,54,764.65","8,00,145"
"11-Jul-2024","EQ","3,931.00","3,980.00","3,895.60","3,909.15","3,902.00","3,923.70","3,928.74","4,254.75","3,250.10","48,72,189","19,14,15,49,805.05","2,14,372"
"10-Jul-2024","EQ","3,983.70","4,003.30","3,902.00","3,985.50","3,915.00","3,909.15","3,925.50","4,254.75","3,250.10","26,69,716","10,47,99,63,237.85","1,37,357"
"09-Jul-2024","EQ","3,985.00","4,006.95","3,975.10","3,993.20","3,983.70","3,985.50","3,990.33","4,254.75","3,250.10","13,05,801","5,21,05,79,214.45","1,42,268"
"08-Jul-2024","EQ","4,022.00","4,031.25","3,978.05","4,011.80","3,997.00","3,993.20","3,995.83","4,254.75","3,250.10","17,58,882","7,02,81,92,322.85","1,09,949"
"05-Jul-2024","EQ","4,010.00","4,026.75","3,988.00","4,020.95","4,010.00","4,011.80","4,007.40","4,254.75","3,250.10","16,68,616","6,68,68,08,295.40","1,20,737"
"04-Jul-2024","EQ","3,999.85","4,047.35","3,982.10","3,965.25","4,019.95","4,020.95","4,024.81","4,254.75","3,250.10","25,18,001","10,13,44,77,139.90","1,40,694"
"03-Jul-2024","EQ","4,020.00","4,026.10","3,955.00","4,017.40","3,968.00","3,965.25","3,969.17","4,254.75","3,250.10","18,21,198","7,22,86,50,456.40","1,31,803"
"02-Jul-2024","EQ","3,993.60","4,023.40","3,982.55","3,978.20","4,009.80","4,017.40","4,005.25","4,254.75","3,250.10","23,07,449","9,24,19,06,331.90","1,93,878"
"01-Jul-2024","EQ","3,884.00","4,001.70","3,884.00","3,904.15","3,963.45","3,978.20","3,968.40","4,254.75","3,250.10","26,58,723","10,55,08,77,400.50","1,52,648"
"28-Jun-2024","EQ","3,917.80","3,960.00","3,897.85","3,934.15","3,906.75","3,904.15","3,924.69","4,254.75","3,173.00","27,31,571","10,72,05,56,955.70","1,78,435"
"27-Jun-2024","EQ","3,831.00","3,942.00","3,818.10","3,855.85","3,928.00","3,934.15","3,897.23","4,254.75","3,173.00","45,26,556","17,64,10,07,616.50","3,08,765"
"26-Jun-2024","EQ","3,844.50","3,866.95","3,841.00","3,838.45","3,853.30","3,855.85","3,856.13","4,254.75","3,173.00","16,39,845","6,32,34,55,478.65","1,59,513"
"25-Jun-2024","EQ","3,817.00","3,847.65","3,792.90","3,816.80","3,840.00","3,838.45","3,822.40","4,254.75","3,173.00","13,38,808","5,11,74,58,194.40","1,40,971"
"24-Jun-2024","EQ","3,808.75","3,857.00","3,791.30","3,810.75","3,815.00","3,816.80","3,834.36","4,254.75","3,173.00","17,02,154","6,52,66,63,734.20","1,15,165"
"21-Jun-2024","EQ","3,827.00","3,877.80","3,798.05","3,787.25","3,802.00","3,810.75","3,827.86","4,254.75","3,173.00","46,42,195","17,76,96,72,677.30","2,06,639"
"20-Jun-2024","EQ","3,796.00","3,809.95","3,780.05","3,801.70","3,789.85","3,787.25","3,791.92","4,254.75","3,173.00","28,46,526","10,79,38,10,411.95","2,26,469"
"19-Jun-2024","EQ","3,827.65","3,833.85","3,792.95","3,815.10","3,801.00","3,801.70","3,806.93","4,254.75","3,173.00","15,09,050","5,74,48,44,872.30","1,11,353"
"18-Jun-2024","EQ","3,826.05","3,842.00","3,795.05","3,832.05","3,819.00","3,815.10","3,819.14","4,254.75","3,173.00","17,74,045","6,77,53,33,799.50","1,26,236"
"14-Jun-2024","EQ","3,889.00","3,889.00","3,828.00","3,878.15","3,833.00","3,832.05","3,842.00","4,254.75","3,156.00","18,60,730","7,14,89,28,964.95","1,33,590"
"13-Jun-2024","EQ","3,856.80","3,890.00","3,852.00","3,831.65","3,873.00","3,878.15","3,872.82","4,254.75","3,156.00","19,32,323","7,48,35,32,564.55","1,28,094"
"12-Jun-2024","EQ","3,874.40","3,893.50","3,827.45","3,852.10","3,837.00","3,831.65","3,853.40","4,254.75","3,156.00","21,77,001","8,38,88,48,726.55","1,42,302"
"11-Jun-2024","EQ","3,845.00","3,879.95","3,841.00","3,858.70","3,855.65","3,852.10","3,860.66","4,254.75","3,156.00","14,19,898","5,48,17,42,091.60","94,929"
"10-Jun-2024","EQ","3,895.00","3,905.90","3,841.90","3,893.95","3,859.00","3,858.70","3,864.83","4,254.75","3,156.00","17,34,661","6,70,41,74,826.45","1,17,061"
"07-Jun-2024","EQ","3,837.30","3,915.00","3,837.30","3,830.40","3,888.55","3,893.95","3,891.54","4,254.75","3,156.00","45,52,445","17,71,60,23,957.40","2,77,984"
"06-Jun-2024","EQ","3,781.00","3,839.90","3,741.50","3,746.45","3,836.00","3,830.40","3,796.58","4,254.75","3,156.00","43,28,036","16,43,17,36,429.50","2,81,068"
"05-Jun-2024","EQ","3,716.00","3,783.80","3,700.00","3,715.00","3,755.10","3,746.45","3,747.69","4,254.75","3,156.00","27,99,670","10,49,23,04,940.65","2,05,741"
"04-Jun-2024","EQ","3,700.00","3,745.00","3,591.50","3,702.85","3,732.55","3,715.00","3,694.29","4,254.75","3,156.00","33,95,997","12,54,57,96,705.45","2,74,839"
"03-Jun-2024","EQ","3,732.80","3,751.55","3,696.00","3,670.95","3,706.00","3,702.85","3,713.72","4,254.75","3,156.00","21,56,773","8,00,96,53,406.45","2,03,491"
"31-May-2024","EQ","3,740.00","3,749.80","3,653.75","3,736.10","3,698.00","3,670.95","3,684.36","4,254.75","3,156.00","1,09,56,800","40,36,88,44,653.20","3,23,000"
"30-May-2024","EQ","3,777.00","3,794.40","3,715.45","3,803.65","3,739.00","3,736.10","3,747.95","4,254.75","3,156.00","29,19,230","10,94,11,16,841.40","1,86,630"
"29-May-2024","EQ","3,848.90","3,848.90","3,800.00","3,839.90","3,803.00","3,803.65","3,817.18","4,254.75","3,156.00","15,68,095","5,98,57,00,080.40","1,18,150"
"28-May-2024","EQ","3,858.00","3,870.00","3,830.00","3,847.05","3,836.90","3,839.90","3,853.34","4,254.75","3,156.00","18,01,993","6,94,36,92,168.50","1,23,639"
"27-May-2024","EQ","3,855.00","3,908.35","3,841.35","3,849.50","3,847.65","3,847.05","3,879.60","4,254.75","3,156.00","18,41,538","7,14,44,26,662.95","1,60,642"
"24-May-2024","EQ","3,878.25","3,883.80","3,844.30","3,893.45","3,850.95","3,849.50","3,857.62","4,254.75","3,156.00","13,09,452","5,05,13,69,874.45","88,592"
"23-May-2024","EQ","3,840.95","3,905.00","3,825.50","3,832.00","3,899.00","3,893.45","3,871.28","4,254.75","3,156.00","20,95,742","8,11,32,03,579.00","1,31,534"
"22-May-2024","EQ","3,835.00","3,841.25","3,817.55","3,820.20","3,831.50","3,832.00","3,830.73","4,254.75","3,156.00","13,11,168","5,02,27,30,247.75","1,01,531"
"21-May-2024","EQ","3,830.60","3,844.75","3,810.05","3,851.45","3,825.00","3,820.20","3,820.18","4,254.75","3,156.00","19,08,117","7,28,93,43,660.90","2,00,205"
"18-May-2024","EQ","3,847.00","3,861.90","3,840.00","3,834.10","3,853.35","3,851.45","3,849.42","4,254.75","3,156.00","91,066","35,05,51,405.70","7,224"
"17-May-2024","EQ","3,919.00","3,920.00","3,830.00","3,900.95","3,839.00","3,834.10","3,866.19","4,254.75","3,156.00","27,65,804","10,69,31,18,517.05","1,97,919"
"16-May-2024","EQ","3,891.10","3,909.50","3,843.50","3,880.40","3,892.00","3,900.95","3,882.17","4,254.75","3,156.00","25,99,399","10,09,13,00,479.85","1,87,465"
"15-May-2024","EQ","3,904.50","3,926.95","3,875.50","3,901.20","3,882.70","3,880.40","3,891.38","4,254.75","3,156.00","11,15,021","4,33,89,65,538.50","88,516"
"14-May-2024","EQ","3,936.00","3,945.80","3,892.90","3,947.80","3,902.00","3,901.20","3,916.22","4,254.75","3,156.00","10,58,317","4,14,46,02,576.75","96,233"
"13-May-2024","EQ","3,884.50","3,955.00","3,870.00","3,893.90","3,947.00","3,947.80","3,923.12","4,254.75","3,156.00","9,31,326","3,65,37,00,402.95","96,702"
"10-May-2024","EQ","3,962.60","3,973.60","3,885.05","3,960.20","3,895.00","3,893.90","3,914.05","4,254.75","3,156.00","16,72,489","6,54,62,06,693.50","1,42,144"
"09-May-2024","EQ","3,962.00","3,971.00","3,910.05","3,976.95","3,956.00","3,960.20","3,948.51","4,254.75","3,156.00","17,26,486","6,81,70,49,440.40","1,56,265"
"08-May-2024","EQ","3,961.00","3,984.30","3,938.60","3,978.95","3,968.10","3,976.95","3,968.11","4,254.75","3,156.00","12,47,685","4,95,09,48,533.20","1,10,637"
"07-May-2024","EQ","3,930.80","3,988.00","3,913.50","3,921.05","3,975.20","3,978.95","3,951.55","4,254.75","3,156.00","20,62,112","8,14,85,36,133.15","1,28,480"
"06-May-2024","EQ","3,853.00","3,939.95","3,853.00","3,843.40","3,922.20","3,921.05","3,917.99","4,254.75","3,156.00","20,53,831","8,04,68,88,044.00","1,62,185"
"03-May-2024","EQ","3,890.15","3,893.60","3,797.60","3,863.30","3,838.00","3,843.40","3,839.84","4,254.75","3,156.00","29,62,234","11,37,45,19,156.95","1,93,038"
"02-May-2024","EQ","3,778.05","3,871.10","3,778.05","3,820.65","3,865.00","3,863.30","3,846.89","4,254.75","3,156.00","24,91,044","9,58,27,66,032.85","2,20,245"
"30-Apr-2024","EQ","3,872.00","3,881.75","3,810.00","3,870.20","3,823.95","3,820.65","3,841.42","4,254.75","3,156.00","22,03,078","8,46,29,54,749.45","1,44,940"
"29-Apr-2024","EQ","3,838.00","3,877.80","3,819.20","3,821.35","3,865.00","3,870.20","3,860.41","4,254.75","3,156.00","11,10,693","4,28,77,35,190.85","1,09,485"
"26-Apr-2024","EQ","3,855.15","3,876.80","3,802.55","3,852.20","3,823.45","3,821.35","3,838.36","4,254.75","3,126.15","20,39,178","7,82,70,90,898.40","1,65,343"
"25-Apr-2024","EQ","3,811.20","3,873.65","3,811.00","3,831.05","3,851.00","3,852.20","3,850.53","4,254.75","3,126.15","28,56,271","10,99,81,53,736.80","2,11,754"
"24-Apr-2024","EQ","3,890.00","3,898.00","3,824.45","3,874.70","3,835.00","3,831.05","3,853.73","4,254.75","3,126.15","13,17,312","5,07,65,58,245.00","1,13,695"
"23-Apr-2024","EQ","3,877.05","3,895.00","3,860.60","3,864.60","3,875.00","3,874.70","3,877.69","4,254.75","3,126.15","18,07,586","7,00,92,50,573.80","1,32,941"
"22-Apr-2024","EQ","3,837.00","3,878.00","3,812.00","3,826.20","3,875.90","3,864.60","3,841.58","4,254.75","3,126.15","17,28,883","6,64,16,43,736.05","99,078"
"19-Apr-2024","EQ","3,838.00","3,852.55","3,800.90","3,862.00","3,822.15","3,826.20","3,827.74","4,254.75","3,070.25","29,57,749","11,32,15,04,897.25","2,52,913"
"18-Apr-2024","EQ","3,876.80","3,936.00","3,850.00","3,872.80","3,871.00","3,862.00","3,891.42","4,254.75","3,070.25","34,76,284","13,52,76,91,591.60","1,91,254"
"16-Apr-2024","EQ","3,902.00","3,928.70","3,862.85","3,941.20","3,875.95","3,872.80","3,888.73","4,254.75","3,070.25","30,51,420","11,86,61,47,836.30","1,47,341"
"15-Apr-2024","EQ","4,001.40","4,064.20","3,919.05","4,001.40","3,940.80","3,941.20","3,990.50","4,254.75","3,070.25","42,00,329","16,76,14,16,762.10","2,45,404"
"12-Apr-2024","EQ","3,971.00","4,013.35","3,945.50","3,984.65","4,003.80","4,001.40","3,990.61","4,254.75","3,070.25","43,54,821","17,37,83,76,127.55","2,00,517"
"10-Apr-2024","EQ","3,956.40","3,990.20","3,918.00","3,946.55","3,980.75","3,984.65","3,956.43","4,254.75","3,070.25","21,01,965","8,31,62,67,625.30","1,08,594"
"09-Apr-2024","EQ","3,984.00","4,015.85","3,925.05","3,972.55","3,948.75","3,946.55","3,967.73","4,254.75","3,070.25","18,76,992","7,44,74,01,521.40","1,02,114"
"08-Apr-2024","EQ","3,983.00","4,032.65","3,960.00","3,979.25","3,964.90","3,972.55","4,000.29","4,254.75","3,070.25","23,02,538","9,21,08,23,451.50","1,45,126"
"05-Apr-2024","EQ","3,978.00","4,002.00","3,960.50","4,003.30","3,983.00","3,979.25","3,983.17","4,254.75","3,070.25","16,36,819","6,51,97,23,297.55","95,801"
"04-Apr-2024","EQ","3,975.90","4,028.65","3,935.25","3,947.30","4,000.00","4,003.30","3,983.10","4,254.75","3,070.25","33,94,637","13,52,11,78,797.20","1,96,204"
"03-Apr-2024","EQ","3,851.00","3,981.00","3,851.00","3,883.80","3,950.05","3,947.30","3,940.47","4,254.75","3,070.25","39,73,090","15,65,58,36,798.60","2,32,561"
"02-Apr-2024","EQ","3,890.00","3,909.85","3,873.00","3,916.75","3,890.20","3,883.80","3,886.53","4,254.75","3,070.25","21,42,666","8,32,75,25,479.35","1,52,218"
"01-Apr-2024","EQ","3,897.70","3,933.30","3,888.05","3,876.30","3,924.00","3,916.75","3,905.77","4,254.75","3,070.25","15,69,676","6,13,07,99,234.60","1,42,337"
"28-Mar-2024","EQ","3,850.10","3,915.00","3,840.50","3,840.90","3,882.10","3,876.30","3,880.57","4,254.75","3,070.25","43,11,783","16,73,21,86,615.05","2,42,073"
"27-Mar-2024","EQ","3,888.50","3,895.00","3,829.40","3,877.50","3,854.15","3,840.90","3,861.60","4,254.75","3,070.25","19,68,575","7,60,18,45,471.00","1,52,258"
"26-Mar-2024","EQ","3,875.00","3,946.70","3,871.45","3,910.90","3,883.00","3,877.50","3,894.29","4,254.75","3,070.25","34,40,925","13,39,99,53,628.95","1,76,329"
"22-Mar-2024","EQ","3,897.00","3,938.00","3,855.00","3,972.95","3,909.00","3,910.90","3,903.24","4,254.75","3,070.25","58,52,485","22,84,36,70,096.35","4,31,155"
"21-Mar-2024","EQ","3,990.05","4,008.40","3,948.00","3,970.90","3,979.45","3,972.95","3,972.92","4,254.75","3,070.25","38,29,582","15,21,46,04,392.05","2,27,156"
"20-Mar-2024","EQ","3,986.00","4,018.00","3,960.20","3,977.30","3,974.95","3,970.90","3,995.10","4,254.75","3,070.25","18,17,913","7,26,27,45,848.35","1,34,030"
"19-Mar-2024","EQ","4,051.25","4,058.00","3,966.60","4,152.50","3,971.00","3,977.30","4,022.55","4,254.75","3,070.25","89,31,209","35,92,62,06,807.15","2,93,529"
"18-Mar-2024","EQ","4,215.25","4,254.75","4,117.85","4,219.25","4,144.25","4,152.50","4,196.78","4,254.75","3,070.25","15,26,904","6,40,80,84,083.05","1,29,335"
"15-Mar-2024","EQ","4,192.60","4,239.00","4,177.00","4,207.60","4,220.00","4,219.25","4,213.31","4,241.00","3,070.25","33,73,143","14,21,20,88,365.25","1,76,623"
"14-Mar-2024","EQ","4,153.45","4,225.00","4,086.00","4,149.00","4,207.75","4,207.60","4,166.30","4,241.00","3,070.25","29,19,608","12,16,39,65,941.70","2,62,125"
"13-Mar-2024","EQ","4,205.00","4,241.00","4,131.90","4,192.25","4,139.00","4,149.00","4,177.33","4,241.00","3,070.25","28,37,260","11,85,21,84,104.80","2,08,881"
"12-Mar-2024","EQ","4,122.35","4,229.95","4,121.05","4,122.35","4,194.55","4,192.25","4,198.28","4,229.95","3,070.25","40,39,801","16,96,02,33,961.30","2,16,551"
"11-Mar-2024","EQ","4,089.00","4,153.00","4,089.00","4,108.60","4,120.00","4,122.35","4,124.96","4,184.75","3,070.25","23,04,068","9,50,41,84,843.45","1,88,233"
"07-Mar-2024","EQ","4,065.00","4,124.00","4,037.70","4,064.30","4,105.00","4,108.60","4,099.00","4,184.75","3,070.25","26,88,905","11,02,18,20,076.20","1,54,179"
"06-Mar-2024","EQ","3,994.05","4,072.00","3,958.45","4,012.10","4,058.00","4,064.30","4,012.65","4,184.75","3,070.25","17,44,204","6,99,88,78,535.55","1,40,908"
"05-Mar-2024","EQ","4,062.00","4,064.00","3,980.00","4,080.70","4,010.90","4,012.10","4,017.34","4,184.75","3,070.25","20,70,859","8,31,93,42,582.80","1,52,615"
"04-Mar-2024","EQ","4,105.00","4,117.90","4,075.90","4,107.10","4,082.00","4,080.70","4,090.25","4,184.75","3,070.25","17,49,271","7,15,49,55,206.30","1,14,412"
"02-Mar-2024","EQ","4,112.70","4,129.50","4,090.15","4,094.35","4,110.00","4,107.10","4,110.65","4,184.75","3,070.25","65,057","26,74,26,764.05","8,974"
"01-Mar-2024","EQ","4,107.20","4,140.00","4,086.80","4,095.10","4,093.00","4,094.35","4,110.85","4,184.75","3,070.25","20,43,265","8,39,95,55,212.15","1,57,981"
"29-Feb-2024","EQ","4,099.00","4,138.10","4,064.55","4,118.95","4,113.00","4,095.10","4,098.60","4,184.75","3,070.25","37,72,719","15,46,28,63,779.50","1,65,001"
"28-Feb-2024","EQ","4,095.60","4,154.90","4,089.00","4,104.40","4,109.90","4,118.95","4,126.35","4,184.75","3,070.25","19,39,225","8,00,19,15,262.30","1,39,242"
"27-Feb-2024","EQ","3,999.00","4,124.00","3,999.00","4,001.05","4,100.50","4,104.40","4,083.47","4,184.75","3,070.25","29,60,475","12,08,90,17,645.25","2,35,296"
"26-Feb-2024","EQ","4,036.00","4,050.00","3,982.75","4,052.10","4,001.90","4,001.05","4,001.89","4,184.75","3,070.25","13,79,284","5,51,97,38,697.40","1,68,908"
"23-Feb-2024","EQ","4,130.00","4,130.00","4,046.40","4,087.10","4,046.40","4,052.10","4,086.76","4,184.75","3,070.25","25,38,072","10,37,24,88,169.05","2,07,942"
"22-Feb-2024","EQ","3,971.00","4,094.95","3,971.00","3,991.50","4,082.55","4,087.10","4,036.74","4,184.75","3,070.25","29,82,052","12,03,77,60,611.30","2,33,453"
"21-Feb-2024","EQ","4,013.00","4,063.35","3,980.60","4,030.65","3,987.00","3,991.50","4,025.98","4,184.75","3,070.25","18,85,939","7,59,27,48,600.05","1,35,075"
"20-Feb-2024","EQ","4,082.10","4,098.00","4,010.00","4,103.80","4,035.00","4,030.65","4,047.78","4,184.75","3,070.25","11,93,648","4,83,16,25,596.80","1,08,310"
"19-Feb-2024","EQ","4,123.05","4,128.30","4,055.00","4,128.30","4,099.85","4,103.80","4,092.76","4,184.75","3,070.25","7,72,291","3,16,08,00,378.55","70,873"
"16-Feb-2024","EQ","4,113.25","4,147.95","4,100.10","4,103.20","4,122.30","4,128.30","4,124.07","4,184.75","3,070.25","13,07,556","5,39,24,47,497.55","1,25,414"
"15-Feb-2024","EQ","4,128.00","4,146.30","4,083.00","4,100.10","4,106.00","4,103.20","4,107.34","4,184.75","3,070.25","10,91,582","4,48,34,99,686.35","1,17,286"
"14-Feb-2024","EQ","4,107.00","4,114.90","4,049.50","4,149.50","4,106.00","4,100.10","4,092.10","4,184.75","3,070.25","13,91,283","5,69,32,75,185.95","1,26,863"
"13-Feb-2024","EQ","4,125.45","4,170.00","4,081.50","4,120.70","4,145.00","4,149.50","4,130.03","4,184.75","3,070.25","12,57,415","5,19,31,63,729.60","1,40,800"
"12-Feb-2024","EQ","4,130.00","4,159.60","4,105.55","4,133.70","4,119.00","4,120.70","4,128.10","4,184.75","3,070.25","10,13,716","4,18,47,16,444.45","1,10,339"
"09-Feb-2024","EQ","4,136.55","4,184.75","4,100.00","4,134.10","4,132.00","4,133.70","4,135.50","4,184.75","3,070.25","21,00,596","8,68,70,13,883.30","2,04,415"
"08-Feb-2024","EQ","4,090.00","4,158.00","4,086.05","4,083.40","4,137.85","4,134.10","4,122.74","4,158.00","3,070.25","23,45,173","9,66,85,40,283.35","2,12,471"
"07-Feb-2024","EQ","4,153.00","4,155.00","4,073.95","4,136.00","4,085.00","4,083.40","4,115.33","4,155.00","3,070.25","21,24,267","8,74,20,61,109.55","1,77,689"
"06-Feb-2024","EQ","3,997.00","4,149.90","3,990.00","3,973.30","4,129.35","4,136.00","4,106.33","4,149.90","3,070.25","44,74,396","18,37,33,68,282.15","3,25,723"
"05-Feb-2024","EQ","3,983.00","4,022.00","3,962.10","3,966.30","3,966.95","3,973.30","3,996.07","4,022.00","3,070.25","16,91,523","6,75,94,38,477.25","1,56,341"
"02-Feb-2024","EQ","3,875.05","3,984.40","3,872.00","3,854.15","3,959.20","3,966.30","3,944.48","3,984.40","3,070.25","28,26,510","11,14,91,16,302.85","2,71,200"
"01-Feb-2024","EQ","3,820.00","3,904.90","3,805.05","3,815.95","3,842.65","3,854.15","3,863.88","3,965.00","3,070.25","23,63,107","9,13,07,67,055.90","2,00,156"
"31-Jan-2024","EQ","3,811.20","3,834.00","3,796.45","3,800.55","3,804.00","3,815.95","3,814.91","3,965.00","3,070.25","24,59,358","9,38,22,20,705.45","1,66,663"
"30-Jan-2024","EQ","3,807.45","3,847.80","3,787.00","3,801.00","3,801.40","3,800.55","3,816.76","3,965.00","3,070.25","14,11,621","5,38,78,16,849.15","96,931"
"29-Jan-2024","EQ","3,800.80","3,820.00","3,780.85","3,810.30","3,807.00","3,801.00","3,798.49","3,965.00","3,070.25","16,46,747","6,25,51,55,335.60","1,14,028"
"25-Jan-2024","EQ","3,839.90","3,861.00","3,778.70","3,841.80","3,807.00","3,810.30","3,803.09","3,965.00","3,070.25","22,05,154","8,38,63,94,648.75","1,86,169"
"24-Jan-2024","EQ","3,880.00","3,883.65","3,805.60","3,858.25","3,859.40","3,841.80","3,842.01","3,965.00","3,070.25","26,57,709","10,21,09,48,798.05","1,19,466"
"23-Jan-2024","EQ","3,900.00","3,933.90","3,842.75","3,860.65","3,860.05","3,858.25","3,881.80","3,965.00","3,070.25","26,18,854","10,16,58,79,227.30","2,14,176"
"20-Jan-2024","EQ","3,948.00","3,955.65","3,855.55","3,943.05","3,859.30","3,860.65","3,896.81","3,965.00","3,070.25","5,16,477","2,01,26,14,827.20","47,373"
"19-Jan-2024","EQ","3,945.00","3,963.55","3,915.05","3,902.60","3,947.00","3,943.05","3,942.73","3,965.00","3,070.25","29,41,975","11,59,94,14,329.35","2,72,591"
"18-Jan-2024","EQ","3,898.00","3,908.80","3,862.00","3,884.60","3,902.00","3,902.60","3,887.98","3,965.00","3,070.25","22,39,110","8,70,56,05,580.15","2,00,495"
"17-Jan-2024","EQ","3,819.00","3,909.95","3,812.55","3,861.30","3,880.00","3,884.60","3,882.57","3,965.00","3,070.25","34,58,696","13,42,86,30,127.85","1,61,556"
"16-Jan-2024","EQ","3,899.00","3,899.00","3,855.55","3,903.80","3,861.05","3,861.30","3,873.57","3,965.00","3,070.25","14,32,672","5,54,95,55,027.65","1,57,027"
"15-Jan-2024","EQ","3,960.00","3,965.00","3,885.00","3,882.80","3,902.00","3,903.80","3,922.67","3,965.00","3,070.25","28,01,505","10,98,93,86,687.15","2,65,310"
"12-Jan-2024","EQ","3,848.00","3,905.25","3,821.60","3,735.55","3,881.90","3,882.80","3,873.63","3,929.00","3,070.25","68,13,450","26,39,28,05,818.30","3,37,824"
"11-Jan-2024","EQ","3,724.00","3,773.00","3,707.00","3,713.05","3,726.70","3,735.55","3,738.42","3,929.00","3,070.25","17,77,909","6,64,65,66,140.90","1,35,916"
"10-Jan-2024","EQ","3,690.00","3,729.25","3,688.00","3,689.90","3,707.05","3,713.05","3,706.94","3,929.00","3,070.25","12,92,227","4,79,02,02,220.40","1,11,912"
"09-Jan-2024","EQ","3,709.95","3,752.35","3,682.75","3,678.30","3,696.00","3,689.90","3,716.16","3,929.00","3,070.25","13,70,944","5,09,46,42,955.85","1,12,174"
"08-Jan-2024","EQ","3,737.90","3,739.75","3,672.40","3,737.90","3,680.85","3,678.30","3,696.43","3,929.00","3,070.25","10,67,805","3,94,70,62,246.40","1,37,547"
"05-Jan-2024","EQ","3,675.00","3,747.75","3,674.85","3,666.80","3,738.60","3,737.90","3,721.70","3,929.00","3,070.25","19,63,127","7,30,61,70,829.65","1,55,406"
"04-Jan-2024","EQ","3,701.75","3,719.00","3,651.00","3,691.75","3,668.60","3,666.80","3,668.32","3,929.00","3,070.25","35,98,144","13,19,91,52,251.35","2,20,494"
"03-Jan-2024","EQ","3,767.00","3,771.85","3,687.05","3,783.20","3,692.60","3,691.75","3,711.76","3,929.00","3,070.25","18,03,075","6,69,25,84,987.50","2,08,012"
"02-Jan-2024","EQ","3,811.10","3,811.10","3,767.25","3,811.10","3,781.15","3,783.20","3,787.05","3,929.00","3,070.25","13,44,068","5,09,00,55,959.15","1,33,902"
"01-Jan-2024","EQ","3,790.00","3,832.00","3,773.00","3,793.40","3,803.00","3,811.10","3,804.27","3,929.00","3,070.25","8,25,907","3,14,19,74,600.85","94,008"